{
    "loss": 0.3767133951187134,
    "accuracy": 0.8192116022109985
}